alpha,beta,label
0.9291548348620745,0.3696908070975407,1
0.3568646880497611,0.9341560867559268,1
0.5765105011574484,0.8170897392913385,1
0.7351829086422306,0.6778687858578161,1
0.5772875040237583,0.8165409589836993,1
0.10641738436365211,0.9943215477425795,0
0.35634230817496904,0.9343554780727383,1
0.6275543181498155,0.7785727825781736,1
0.9774646101958526,0.2110993505785128,0
0.18986407623302992,0.9818103852354477,0
0.0168215657377514,0.9998585074529949,0
0.4800448997522151,0.8772439194556356,1
0.8145470415049211,0.5800975066103805,1
0.8043738792473368,0.5941234403594852,1
0.858664444072567,0.5125381668574053,1
0.977898280324084,0.20908121230564758,0
0.8612022111179164,0.5082624829412572,1
0.40663039884225316,0.9135927532207061,1
0.8243399449329524,0.5660950937677671,1
0.6877340702642919,0.725962704687858,1
0.778272404135326,0.6279267990470067,1
0.6599412748765705,0.7513171858238614,1
0.722897094088362,0.6909557086808111,1
0.12703692208515227,0.9918979889218099,0
0.945436488137276,0.3258064561954756,1
0.42226440602163895,0.9064727085837678,1
0.9324453214457795,0.3613111159567013,1
0.5694981380606241,0.821992622074847,1
0.11676115944956056,0.9931600231805519,0
0.8100979240630706,0.5862945961107807,1
0.9052906323808599,0.42479273878382473,1
0.04324774344059512,0.999064378649993,0
0.030937255349217763,0.9995213285525514,0
0.6059307209339818,0.7955174174261838,1
0.19653844369284923,0.9804961193960906,0
0.5345066839661664,0.8451642472297871,1
0.4358567712649264,0.900016041491769,1
0.6381116021737738,0.7699438831312444,1
0.26469008226254753,0.9643335316952563,0
0.9993454087066613,0.0361767065515367,0
0.6321915144336999,0.7748121637390736,1
0.1331891584732834,0.9910906356459931,0
0.12652216844542985,0.9919637800302319,0
0.7912052689550455,0.6115506703273034,1
0.7133106627720139,0.7008479852120216,1
0.36994347491981416,0.9290542639503103,1
0.558382402768345,0.8295836861213278,1
0.971217832952066,0.23819303297093486,0
0.7317696301116521,0.6815520585004904,1
0.49629620577315736,0.8681532561334824,1
0.9695584134999051,0.24486012907688132,0
0.09047799665114376,0.995898454724173,0
0.2601103881974779,0.965578886446756,0
0.31605174834727867,0.9487419524647513,1
0.023156653239652436,0.9997318487528235,0
0.4107218113011434,0.9117607107797023,1
0.041082687888254754,0.999155749998906,0
0.465951230861815,0.884810403678867,1
0.06424563528875527,0.9979341152332374,0
0.29569544029921946,0.9552822653992121,0
0.7520804736595845,0.6590712868423073,1
0.5022402193269577,0.8647281434592085,1
0.636634636390577,0.7711655722008327,1
0.6466634230643433,0.7627754697620435,1
0.03211110432847697,0.9994843055190039,0
0.31886565090440344,0.9477999243898003,1
0.5593554718106065,0.8289278956311784,1
0.6492014879281579,0.7606164789641793,1
0.2167993252176713,0.9762161915196665,0
0.2177156306336987,0.9760122459158854,0
0.2948249017621607,0.9555512949606275,0
0.7783324330998573,0.6278523899650746,1
0.6680681466836249,0.7441000950051724,1
0.6712172755262176,0.7412606620043732,1
0.6049373869409326,0.7962730422920749,1
0.6651377429268676,0.7467206860226602,1
0.48043720838426385,0.8770291265402395,1
0.9300501231148043,0.3674326720558984,1
0.9706992958913357,0.24029747596690454,0
0.1712758343729499,0.9852231161314933,0
0.12848071286133822,0.9917120078040007,0
0.4286128727987333,0.9034882430177035,1
0.22720918150499458,0.9738459774727369,0
0.507588033133287,0.861599900545422,1
0.4107937873793511,0.9117282842220749,1
0.9694393387378449,0.24533114051732186,0
0.08026250646246214,0.99677376071823,0
0.9006937270835782,0.43445461211994607,1
0.13276020859509785,0.9911481862031459,0
0.27169701673538893,0.9623828401925555,0
0.39679319049371653,0.9179080367759165,1
0.1593649542775425,0.9872197381272909,0
0.12592831070260457,0.9920393442619039,0
0.042439255845349466,0.9990990489252269,0
0.5138675021111577,0.8578695648372422,1
0.7539051108489622,0.6569833208201058,1
0.8447505681034134,0.5351602355266694,1
0.3228470501423235,0.9464511515204576,1
0.437272019278411,0.8993292951728977,1
0.37122083719786614,0.9285446085299917,1
0.9635021015597278,0.2677007663231242,0
0.4497814655414394,0.8931386416763049,1
0.5166235593299717,0.856212647620456,1
0.49703953845882576,0.8677278935292085,1
0.3511956323489255,0.9363021028594555,1
0.5961667180790575,0.8028606630386406,1
0.8123749260176697,0.5831354727486451,1
0.7059129665689018,0.7082985836706809,1
0.7794997240130702,0.6264025704477492,1
0.22387488606278405,0.9746178919917157,0
0.55965432415685,0.828726153474439,1
0.6927919734452461,0.7211374914188288,1
0.5658517333157232,0.8245070138595497,1
0.011846059456883329,0.9999298329759664,0
0.6215886990924149,0.7833437873377176,1
0.39378339054717937,0.9192032644247776,1
0.19655485863734445,0.9804928289110806,0
0.7680165308176272,0.6404300183399094,1
0.35980024058303406,0.93302936013632,1
0.8215273771086192,0.5701690702423559,1
0.6133798533543379,0.7897880446670555,1
0.6752246355029624,0.7376121552753124,1
0.653402728549763,0.7570104849496635,1
0.32158287709848776,0.9468814356386226,1
0.059273838981463434,0.9982417603027833,0
0.984587667089353,0.17489175456706202,0
0.29574408451672274,0.9552672068449568,0
0.19459074693080758,0.9808845198130667,0
0.9680588383857217,0.2507231250269649,0
0.29028442425633605,0.956940412478315,0
0.02230618997276712,0.9997511859902437,0
0.334050988523508,0.9425550047962543,1
0.09549096688419745,0.9954302965268442,0
0.4367394769995485,0.8995880330630021,1
0.4418323370396887,0.8970976457142483,1
0.1440858393230855,0.9895651928531854,0
0.3559748346706545,0.9344955414988346,1
0.5818539543753485,0.8132932901344815,1
0.9150996401653977,0.40322778744669824,1
0.8367322364166442,0.5476122392178622,1
0.08608891002992247,0.9962874583020003,0
0.9214506824833529,0.38849535357705767,1
0.2225184497998126,0.9749284791710048,0
0.48411881451180483,0.8750022705317311,1
0.9144900906599736,0.404608297103153,1
0.037447426172212306,0.9992985991549657,0
0.6421013319499255,0.7666197750567953,1
0.8766766825090663,0.4810800290439188,1
0.36180519664050925,0.9322537206597367,1
0.4061743097529237,0.9137956172453094,1
0.3970503944200666,0.9177968099153916,1
0.9930884015073768,0.11736876412198953,0
0.16269221753863372,0.986676868256453,0
0.742362977347052,0.6699979178060333,1
0.5944150007475029,0.8041584463812751,1
0.8493206747796043,0.527877250307226,1
0.6322913805331924,0.774730669396423,1
0.6641672253403879,0.7475840399471155,1
0.21895235343507136,0.9757355517378895,0
0.3311745341530784,0.9435695140944792,1
0.7828090167988226,0.6222620374235123,1
0.5102600517550433,0.8600201623118731,1
0.544625920756921,0.8386790842984436,1
0.07118390698109844,0.9974632080367207,0
0.7739315687985093,0.6332692372262199,1
0.8991126949182882,0.43771721674703784,1
0.55282714819898,0.8332959523567739,1
0.7202203647549867,0.6937453612040904,1
0.25756066724387006,0.9662621293877208,0
0.37011330813921917,0.9289866194613587,1
0.9694035747279942,0.24547242065980884,0
0.10260839882463635,0.9947218286991818,0
0.4412291187314006,0.8973944867133471,1
0.23805996289714548,0.9712504589782235,0
0.6233981899679906,0.78190453173302,1
0.12963702680108802,0.9915615166403817,0
0.8912293613337559,0.45355289161973783,1
0.7109139875599345,0.7032789647726094,1
0.24407728536599538,0.9697557830548712,0
0.16425565344786297,0.9864178021053835,0
0.5869207789210404,0.809644365922915,1
0.5544835414694956,0.8321946901052939,1
0.9166137848314417,0.3997738979185352,1
0.22487952765459562,0.9743865752574006,0
0.6932208184834124,0.7207252575157803,1
0.6155470069570816,0.7881001727104102,1
0.7815672440254964,0.6238210024248865,1
0.7123972902096998,0.7017763895300816,1
0.6998241938744283,0.7143151249049725,1
0.6083088005865795,0.7937004492432375,1
0.3894114670134988,0.9210639008008048,1
0.3052130533890899,0.9522840920864469,1
0.9917802195357738,0.1279531013206493,0
0.599409165255428,0.8004427853430818,1
0.8606955586517518,0.5091199812589845,1
0.4503544147077595,0.8928498760448094,1
0.9991986852731063,0.04002483414701335,0
0.43145372095039625,0.9021350711939192,1
0.31567149176188425,0.9488685416267243,1
0.14742047853460272,0.9890739115499048,0
0.9101068421892471,0.41437366687606597,1
0.9835795678642448,0.18047502231606838,0
0.22071568917480122,0.9753381898357577,0
0.05215093056967113,0.9986392143515682,0
0.20690224048186368,0.978361621734819,0
0.9509678482489925,0.30928975346215587,1
0.9662606542437959,0.25756620131599467,0
0.24822034068874088,0.9687035988724133,0
0.6992468945023599,0.7148802560770618,1
0.3243872701334507,0.945924362185142,1
0.10856224048899843,0.9940896538743419,0
0.6006055972102378,0.7995454437364605,1
0.3817148666567486,0.9242801310064068,1
0.00968365088734835,0.9999531123535202,0
0.6028623251572656,0.7978452336800511,1
0.2561353307738393,0.9666409324715025,0
0.05842789753858657,0.9982916311325165,0
0.022787489077936374,0.9997403314568853,0
0.08992097299029977,0.9959489036172878,0
0.27178505810240017,0.9623579802715178,0
0.08414861269810514,0.9964532156508826,0
0.6807792440553443,0.7324886489655891,1
0.22053134307966016,0.9753798884124488,0
0.32650937295814064,0.945193963888091,1
0.889552848292658,0.45683227785963126,1
0.3006774645432677,0.9537258842643582,1
0.2777187126737206,0.9606624363588135,0
0.7808691424976286,0.6246946312359489,1
0.2253290871440734,0.9742827117868912,0
0.3763232855026797,0.9264884158954545,1
0.9989740139511464,0.04528707818279684,0
0.574382264096023,0.8185872065283738,1
0.7165861724552247,0.6974985716443948,1
0.4326185263055722,0.9015770686398334,1
0.24405431569735825,0.9697615639885374,0
0.3065098020783191,0.9518675019297117,1
0.5810399515948143,0.8138750362621376,1
0.739573876181117,0.673075390777614,1
0.29559405022264007,0.955313643508233,0
0.7112197064442495,0.7029697924984797,1
0.9844297454767064,0.1757784862281704,0
0.07954002151531414,0.996831673341765,0
0.20046731138301266,0.9797003914804088,0
0.41527780751478804,0.909694642495882,1
0.6812729781948306,0.7320294592306691,1
0.07664768626665641,0.9970582391164361,0
0.5628294211943934,0.8265730715659592,1
0.08318108098111654,0.9965344488610581,0
0.5309041859361665,0.847431852927099,1
0.34705645555678655,0.9378442390164585,1
0.09985654194649818,0.9950018447372283,0
0.6630563648113341,0.7485694737852854,1
0.8767676852961666,0.48091415660219683,1
0.5503505829300536,0.8349336715383745,1
0.7670973988840113,0.641530654470528,1
0.11576504343153149,0.9932766254771607,0
0.17635598671765096,0.9843264529356324,0
0.35619444609956297,0.9344118559649303,1
0.6644827524775279,0.7473036007272335,1
0.8506369605793282,0.5257535176262375,1
0.6250414045353836,0.7805915978387385,1
0.5915781710479502,0.8062476465327277,1
0.20439399865707386,0.9788887032308484,0
0.5584203588950775,0.8295581370654457,1
0.6219352347869815,0.7830686839163358,1
0.1549308961067204,0.9879253096421655,0
0.26246671799383103,0.9649410458393543,0
0.42939642458588223,0.9031161113350048,1
0.6713071942595616,0.7411792299675937,1
0.25956218197159997,0.9657263969107099,0
0.5148673061901625,0.8572698857515557,1
0.9883992478116614,0.15187800013610214,0
0.5475013027025061,0.8368048300165689,1
0.25978429162645733,0.9656666722136266,0
0.14657305340606763,0.9891998483699954,0
0.9641980716788842,0.2651831038560364,0
0.858556004046136,0.5127197947381507,1
0.8005500896547356,0.5992658458095161,1
0.34173616727576506,0.9397959310274068,1
0.4071769874338602,0.9133492765116126,1
0.9872328043808842,0.159283991519094,0
0.10238092271862909,0.9947452672233641,0
0.09043585631679918,0.9959022823009531,0
0.4034754439513495,0.9149904732445368,1
0.6759809767770757,0.7369190722430181,1
0.6985522394059248,0.7155590603304297,1
0.4831232531223527,0.875552352685135,1
0.7970735591211037,0.6038822247342741,1
0.5679811879822249,0.823041536071115,1
0.73438754435038,0.6787303843964986,1
0.25228245427378737,0.9676536380676685,0
0.11790665388262045,0.9930246829612062,0
0.9483890128817113,0.3171092560069057,1
0.08790759179728425,0.9961286339145171,0
0.2495325935694529,0.9683664000503643,0
0.5171359438902502,0.8559032746384022,1
0.47954910640846904,0.877515045194576,1
0.5243628353850097,0.8514949306173192,1
0.24312438541308978,0.9699951202029355,0
0.33844766296348616,0.9409852174367855,1
0.3132117153940508,0.9496833268726561,1
0.1122252451936131,0.9936827936224082,0
0.2424622444569745,0.9701608423415606,0
0.15263967423868519,0.9882819080850909,0
0.006601450867160907,0.9999782101858262,0
0.6442207676193658,0.7648395927041926,1
0.370903991912264,0.9286712167304139,1
0.9067011510203375,0.4217736629264504,1
0.10108193076790062,0.994878104730541,0
0.5290952107075609,0.8485624655889051,1
0.5367116900876484,0.8437657030972876,1
0.35114379054511946,0.9363215464580559,1
0.3480771398906849,0.9374658952119381,1
0.9348683070372037,0.35499471615418815,1
0.690727836640261,0.7231148288413569,1
0.9743936410751316,0.2248489097868781,0
0.6049015729134319,0.7963002493324085,1
0.8602473552382028,0.5098769339808158,1
0.29985878244426944,0.9539836007977498,0
0.959225538805927,0.28264176213447134,0
0.9431890274824807,0.3322566153391867,1
0.8044565356668558,0.5940115169109776,1
0.5100461671654641,0.8601470265947674,1
0.03949280281459411,0.9992198549497741,0
0.8750747919027967,0.48398771531545826,1
0.014033887951716562,0.9999015201453384,0
0.8037603710076361,0.5949531628604618,1
0.7828982618786947,0.622149750098253,1
0.9234942073650935,0.38361236810498917,1
0.6911107114989855,0.7227489083017462,1
0.46099839647895957,0.8874009682459378,1
0.35892226408943695,0.9333674562255277,1
0.6870068015780139,0.7266509854018968,1
0.29539495746816813,0.9553752242456255,0
0.46940959349691314,0.8829805397250059,1
0.634239965483677,0.7731362533106724,1
0.8182724426921916,0.5748305920273851,1
0.7530458963893151,0.6579679915704205,1
0.8898856923383167,0.45618357551708805,1
0.5403229737470798,0.8414577137569733,1
0.19789570563880887,0.980223081594041,0
0.24577640305971782,0.969326549568837,0
0.2598206045328991,0.965656902559164,0
0.15348344824646554,0.9881512187486157,0
0.4762133885843364,0.8793297496008103,1
0.601967276845538,0.7985207559025422,1
0.28615032009683994,0.9581847391335744,0
0.6660916841941064,0.7458698735352293,1
0.8104881919276962,0.5857549750072756,1
0.11099495470173992,0.9938209698083245,0
0.9618588213098743,0.27354635414930917,0
0.7965500976244136,0.6045725282995722,1
0.3418888183548153,0.9397404087746509,1
0.3787079779775595,0.925516216722402,1
0.7196456825938764,0.6943414804863625,1
0.6821809788026296,0.7311833642526929,1
0.21122808198956367,0.9774367996852841,0
0.5738896730088838,0.8189326243432706,1
0.7703889625895846,0.6375741888754153,1
0.6234903521921681,0.7818310435914438,1
0.5149213647029376,0.8572374164561789,1
0.9036923884899584,0.42818228242807305,1
0.22750486955567883,0.9737769427997633,0
0.4635584359570706,0.886066349915758,1
0.5206612482618659,0.8537633539561157,1
0.33362642967774325,0.9427053651170559,1
0.7984308294339159,0.6020865474410378,1
0.7696002269315192,0.6385260297802698,1
0.08293532575840035,0.9965549316226116,0
0.3264370706375038,0.9452189370265522,1
0.5378182185732083,0.8430608304094911,1
0.5747347829807895,0.8183397394921164,1
0.6719890260453694,0.7405611040789246,1
0.8408177270533442,0.5413183442973718,1
0.5188353353864313,0.8548741982037177,1
0.12664489972360315,0.9919481182874428,0
0.6887290096161345,0.7250188627292248,1
0.218147439657291,0.9759158235068067,0
0.9534004851715878,0.30170766459369397,1
0.4617369477015357,0.8870169057730913,1
0.531217785646907,0.8472353062829693,1
0.664841643802272,0.7469843295988832,1
0.001566300103809315,0.9999987733512401,0
0.38193080905992594,0.9241909202598944,1
0.3801719745530826,0.9249158176636457,1
0.5900309897084334,0.8073805987164211,1
0.6533762939284812,0.7570333008080179,1
0.4023835333089042,0.9154711858501293,1
0.2613128139627908,0.9652541702882448,0
0.15775702480177933,0.9874779598176816,0
0.15651493017982554,0.9876755928090987,0
0.5341871864136273,0.8453662223388705,1
0.07572309594108195,0.9971288847190707,0
0.9422137096670208,0.33501242561360484,1
0.779690281665575,0.6261653652800164,1
0.5889111234140565,0.8081978029660771,1
0.17985013508168246,0.9836940219962205,0
0.513838828294049,0.8578867399239826,1
0.5440971512447736,0.8390222225944447,1
0.1030724821488691,0.9946738477630097,0
0.3647192702640265,0.9311175295837126,1
0.2907240920594555,0.9568069305226657,0
0.3237375842547897,0.9461469106544041,1
0.6619093395542058,0.7495839020489401,1
0.4665127423749713,0.8845144776665804,1
0.31387554143489127,0.9494641354411202,1
0.8642430151282796,0.5030745578957261,1
0.725347810384467,0.6883825636740513,1
0.9952765058020402,0.09708077563802982,0
0.24038433484418287,0.9706777897745059,0
0.5746388024711083,0.8184071399337682,1
0.543018906448905,0.8397204697034814,1
0.9484551079028625,0.31691151492643727,1
0.32761596937942117,0.944810974008866,1
0.7165016268659464,0.6975854203597235,1
0.39686911706464256,0.917875211518609,1
0.4966786449631416,0.8679345157542575,1
0.23944549733157772,0.9709098072466018,0
0.4044804877497368,0.9145466281331615,1
0.2735407559250471,0.9618604133906093,0
0.48856713859484113,0.8725263039503447,1
0.8131790801151477,0.5820135596900489,1
0.6834653619735611,0.7299829443092141,1
0.47921301579503217,0.8776986302214618,1
0.2015790727815503,0.9794722443318802,0
0.8068013359302961,0.5908228197531722,1
0.2169943782313376,0.97617285345168,0
0.09130213881482241,0.9958232370495473,0
0.3389716325844382,0.9407965945426464,1
0.7213683590739064,0.6925515796870437,1
0.7460542707878874,0.6658851440294742,1
0.3579227331246133,0.9337512072884333,1
0.6668904391893841,0.7451557837914099,1
0.24730804590366073,0.9689369073532667,0
0.3007094253039282,0.9537158075304096,1
0.5349257365855934,0.8448990805642769,1
0.6594149692691625,0.7517791552735081,1
0.9231458395666838,0.3844499432835469,1
0.9810257456250866,0.19387750364790357,0
0.8027635113949418,0.5962975304098308,1
0.6596465863108275,0.7515759317384185,1
0.5242848551557785,0.8515429470404206,1
0.16395165708790638,0.9864683746264395,0
0.4536026755339697,0.891204024198962,1
0.5470749057452546,0.8370836562159248,1
0.622606568723588,0.7825350219525258,1
0.854491206586121,0.519465858230351,1
0.5781861157998606,0.8159049059150645,1
0.4128968033669982,0.9107778158087264,1
0.4002383129282344,0.9164110938134483,1
0.9729476255436539,0.23102579498611364,0
0.6365278420139604,0.7712537237129236,1
0.4725750343423015,0.8812904384573638,1
0.9479863205995229,0.3183110679134148,1
0.013864116681236105,0.9999038885156158,0
0.36722580832613705,0.9301318216786346,1
0.40246967108177667,0.9154333202693282,1
0.4678539907700837,0.8838057723960092,1
0.9043666155229562,0.4267563997499669,1
0.9708560569554843,0.2396633402772512,0
0.14651172007963087,0.9892089343911669,0
0.43796287164683223,0.8989930606288684,1
0.4395259455108942,0.8982298944160979,1
0.2743861631085426,0.9616195887639625,0
0.7945455734507191,0.6072045221421428,1
0.9808738376760958,0.19464458523824413,0
0.31719088122409933,0.9483617162603514,1
0.4708613142052156,0.8822072448041544,1
0.8359947285160632,0.548737472652774,1
0.9651185899404614,0.2618131153157448,0
0.957258382421524,0.28923414266598513,0
0.6543285117117741,0.7562104196326938,1
0.10131551505632175,0.9948543443182385,0
0.5644734879039686,0.8254511987110614,1
0.6395753750862784,0.7687283912951611,1
0.7927441138628908,0.6095545668237915,1
0.3174776264707023,0.9482657626902541,1
0.28398344058365166,0.9588291847218,0
0.9823881642576427,0.18685153123937395,0
0.15098047471651443,0.9885367450198176,0
0.46227216018952344,0.886738095445161,1
0.3014065686002241,0.9534957159865158,1
0.9156009818387594,0.4020881023555656,1
0.9256064275557794,0.3784874387181531,1
0.25449242114898085,0.9670747683492367,0
0.019691969644491047,0.9998060943660628,0
0.7654929932995376,0.6434442300691755,1
0.6309705532261639,0.7758067806879937,1
0.26649619176713624,0.9638359714046856,0
0.29807977786943685,0.9545409608944538,0
0.7748909337233337,0.6320949618794474,1
0.04872444571647083,0.9988122588302683,0
0.38191843565386574,0.9241960335922806,1
0.8944694236365673,0.44712912025416895,1
0.3790284933503293,0.925385001622881,1
0.8440316227495739,0.5362934083118317,1
0.39462342712181286,0.9188429412944495,1
0.9195054485449321,0.3930772571596876,1
0.6358808449794667,0.7717872446394792,1
0.0812848241180224,0.9966909136578411,0
0.8910941888519275,0.4538184070686484,1
0.6692399607798895,0.7430463477437541,1
0.9183185644146735,0.39584215825423785,1
0.705716984987411,0.7084938511379463,1
0.26784234620802894,0.9634627536017043,0
0.770355400321483,0.6376147404158155,1
0.9046951442937031,0.42605949806499527,1
0.848394980423444,0.5293637286330677,1
0.3430854017972821,0.9393042143382502,1
0.778090939921372,0.6281516450764703,1
0.29820442968837335,0.9545020262494114,0
0.23576857013697683,0.9718092309376184,0
0.7937892912053875,0.6081928651074825,1
0.8548462096766221,0.5188814486966292,1
0.012961555699472882,0.9999159955085475,0
0.012885188291912986,0.9999169825153896,0
0.6511335074212928,0.7589632109089643,1
0.13656614876274398,0.9906309539945297,0
0.19603343806863816,0.9805972114782855,0
0.1386784538446022,0.9903374608885955,0
0.5990936245884378,0.800678979977299,1
0.9741564483238154,0.22587433273643437,0
0.2721539924999665,0.9622537110171767,0
0.5304197877257253,0.8477351289105557,1
0.9021456888013744,0.43143151968428756,1
0.5608757143132905,0.8279000139470685,1
0.8507441336532964,0.5255800786316983,1
0.9357080611194812,0.35277531710143945,1
0.1235423845314556,0.9923392964224897,0
0.2162117400507878,0.9763464976452829,0
0.4801851673780436,0.8771671477148014,1
0.15137757921169348,0.9884760131191892,0
0.6336715560027725,0.7736021969417003,1
0.5658835433057915,0.8244851820473684,1
0.3544081461764762,0.9350908329802797,1
0.6815538887436356,0.7317679254643701,1
0.07921118849145747,0.996857857278444,0
0.09204313935303132,0.9957550203227893,0
0.2559259871158356,0.9666963789726251,0
0.7832836561058563,0.6216644706571566,1
0.25792472542553724,0.9661650148986772,0
0.15497634065682253,0.9879181817522241,0
0.01569371292604671,0.9998768461038563,0
0.1799924796512019,0.9836679862987368,0
0.18634173660071862,0.9824849908271518,0
0.7492366378025589,0.6623023936045507,1
0.6861764490758081,0.7274351385063241,1
0.16773079183138362,0.9858328364746313,0
0.4747760203483802,0.8801066585943743,1
0.05204593432845073,0.998644691929957,0
0.3005603032005516,0.9537628133556018,1
0.3517914924615091,0.936078386585068,1
0.6309756841877759,0.775802607603099,1
0.5439113751177825,0.8391426672607483,1
0.9030808242774531,0.4294706332479043,1
0.24439230045376004,0.9696764426750394,0
0.9587021211847558,0.28441210036819775,0
0.8916893309004721,0.4526479174350286,1
0.06416662332707934,0.997939198774555,0
0.6734447529060203,0.7392375563939844,1
0.9149968678784451,0.40346094206581534,1
0.4366013875647311,0.8996550607741567,1
0.16290288569186184,0.9866421082810444,0
0.5517632896126222,0.8340007627309808,1
0.6283821473627101,0.7779047993654682,1
0.6000424985902586,0.7999681242934368,1
0.868418312544883,0.4958322644168065,1
0.5087002740470942,0.8609436864188106,1
0.6083712277405666,0.7936525998555259,1
0.5514193289907683,0.834228220342234,1
0.35838584891372427,0.9335735553765376,1
0.9383445221711844,0.3457015442709676,1
0.9915792384145574,0.12950140518622294,0
0.7090392879177003,0.7051689784648503,1
0.5346930607075036,0.8450463483331798,1
0.5838691426420832,0.8118477839289818,1
0.035842238253715686,0.9993574605500095,0
0.4863243461938016,0.8737783645176684,1
0.9157745728561374,0.401692583588693,1
0.49027066368463434,0.8715702360281862,1
0.7500318292897022,0.6614017349934478,1
0.8024668750611994,0.5966966686931588,1
0.34048135146645775,0.9402512692379492,1
0.8263519002833556,0.5631540969380292,1
0.4121318292235445,0.911124226075048,1
0.6222892555001911,0.7827873801288686,1
0.7812957253403895,0.6241610285533972,1
0.22954282303162155,0.9732985628236968,0
0.7362957893009404,0.6766598190063491,1
0.013358376738351274,0.9999107729047209,0
0.7834651890082406,0.6214356745571353,1
0.7652110754270575,0.6437794731457086,1
0.5716005942179629,0.8205319985775519,1
0.33097219163459457,0.9436405080138268,1
0.26162481890295664,0.9651696504418252,0
0.9757584762652567,0.2188501679151846,0
0.6611273619131706,0.7502736909486641,1
0.5960518316349935,0.8029459595792043,1
0.07097521880539559,0.9974780791152887,0
0.4783037122423661,0.8781944880578401,1
0.9922117203423476,0.12456284363837786,0
0.16631051524341067,0.9860734316061209,0
0.6089609259347126,0.7932002210569141,1
0.1910176754064642,0.9815865971386889,0
0.6161544874611056,0.7876253218260205,1
0.3006570040487765,0.953732334523903,1
0.799163333703103,0.6011139376728365,1
0.1869854055640776,0.9823626917315403,0
0.8254367376187681,0.5644946343317047,1
0.03106236742965418,0.9995174482367305,0
0.43314155386495323,0.9013259090448104,1
0.49844854951144524,0.8669192831457473,1
0.30725000653880874,0.9516288317836434,1
0.4424064185917991,0.8968146747175683,1
0.7499972563620654,0.6614409387461396,1
0.22670998928516617,0.9739623097216441,0
0.4113413818873508,0.9114813588587561,1
0.953808363656758,0.30041572099079245,1
0.10053941143421741,0.9949330765174415,0
0.9421296391985672,0.33524877769139994,1
0.19497480617992968,0.9808082508600235,0
0.6625488486444936,0.7490187068156949,1
0.7118458089952521,0.702335777399881,1
0.06400129571481561,0.9979498154450577,0
0.18188489155344834,0.9833198290610183,0
0.6090240183381239,0.793151779350765,1
0.4615518380574274,0.8871132401141414,1
0.5939955815400542,0.804468302116928,1
0.7029730229227099,0.7112165134773708,1
0.41239531903903137,0.9110049949559528,1
0.294979356898879,0.9555036258453046,0
0.04271207222146434,0.9990874230449248,0
0.28247969399044914,0.959273278311797,0
0.9373783323319685,0.34831287957027596,1
0.882174377904902,0.47092288855830644,1
0.4697647542102854,0.8827916377615672,1
0.5102151397576125,0.8600468075413803,1
0.7533276049030718,0.6576454361515796,1
0.08502283457210236,0.9963790029909929,0
0.9644139551182254,0.2643969046211049,0
0.022045552125903645,0.9997569672832813,0
0.9338508287290007,0.3576627317490021,1
0.39850995920422816,0.9171640051893906,1
0.12736084528994618,0.9918564488306916,0
0.17900281025997944,0.9838485624927394,0
0.31721101388869455,0.9483549824130764,1
0.47285612431752144,0.8811396516417886,1
0.4067824406801934,0.9135250658598618,1
0.9853734790837335,0.17040864625487473,0
0.36338082758437973,0.9316406893991327,1
0.7787266096267816,0.6273634253438577,1
0.6956444551921002,0.7183862414888569,1
0.5061523148525764,0.8624441049536941,1
0.6704761851247769,0.7419310515004247,1
0.16130994289137668,0.9869037958810275,0
0.7865111717628633,0.6175760493187926,1
0.5992857598124484,0.8005351822912072,1
0.19909005675834346,0.979981198442072,0
0.7620849000906514,0.6474771077449935,1
0.19312921503713476,0.9811733314247489,0
0.45516619698243144,0.8904064988108243,1
0.6944825726008004,0.719509524852711,1
0.07078958694046211,0.9974912703281161,0
0.6397540050373611,0.7685797375930855,1
0.5391331702734498,0.8422205321119282,1
0.29827599685549355,0.9544796643720921,0
0.6042318433028093,0.796808558901628,1
0.5571957037861788,0.8303812062433885,1
0.32371699043424573,0.9461539568718161,1
0.4090144875719808,0.9125278894128277,1
0.3936524341300176,0.9192593546456366,1
0.7106528064069824,0.7035428833737714,1
0.4592182288536485,0.8883234874123942,1
0.36770621893608746,0.9299420070927682,1
0.18010507862693592,0.9836473761733853,0
0.9664806454699892,0.2567394826120691,0
0.3762954059994318,0.9264997395702401,1
0.9965696434171536,0.08275835800332988,0
0.4551893582531772,0.8903946586391119,1
0.9236606224646805,0.3832115010123769,1
0.6952746662591253,0.7187441397731615,1
0.9798990465492237,0.19949400635588632,0
0.7796377543507651,0.6262307657652217,1
0.20775761724252173,0.9781803374008853,0
0.9872720067306696,0.15904082722998092,0
0.6902743566080837,0.7235477265594137,1
0.8455993926615433,0.53381800937251,1
0.6606132901420773,0.750726368850635,1
0.4487090089444806,0.8936779203337532,1
0.5041056993011167,0.8636419651291455,1
0.5517019087969472,0.8340413681765461,1
0.48081116307502325,0.876824170208853,1
0.48460591169990874,0.874732593622474,1
0.4956605275380559,0.8685163449473453,1
0.1487599920052337,0.9888733310078712,0
0.3906145986970986,0.9205543087100861,1
0.06983595658529707,0.9975584890961614,0
0.5699497053923646,0.8216795806901598,1
0.8299348054073394,0.5578603936232448,1
0.963944980663186,0.2661016239226095,0
0.6152677543911341,0.7883182037771873,1
0.9993377096552976,0.03638876283833038,0
0.10763584817882865,0.9941903862876689,0
0.34032437314040065,0.9403080990008506,1
0.6603656113412024,0.7509442451726759,1
0.23310352378380017,0.9724519253924974,0
0.8665747416558823,0.49904730950486126,1
0.14992160367116558,0.9886978875028842,0
0.9015550544012574,0.43266440098943415,1
0.8560983471578593,0.5168129448781071,1
0.603564539084685,0.797314145841833,1
0.18706224816359007,0.9823480622019791,0
0.8833429522688083,0.46872724336977234,1
0.7976843966846376,0.6030751224232895,1
0.408321326947346,0.9128382627606922,1
0.6039124090495174,0.7970506898535428,1
0.5696536432733158,0.8218848621950874,1
0.4416751424659997,0.8971750489885677,1
0.3784607624331865,0.9256173352409144,1
0.27412103400733456,0.9616952005260033,0
0.8974063102390849,0.4412050706225749,1
0.32171048884791775,0.9468380861399872,1
0.4291461060150312,0.9032350855077186,1
0.3880972432995533,0.9216184295809667,1
0.6403556179866966,0.7680785653257588,1
0.6949092702769766,0.7190974246116585,1
0.9752706454808513,0.22101395445392955,0
0.804416889685096,0.5940652048297023,1
0.35983974806789054,0.933014124068032,1
0.3242415453729808,0.9459743232530898,1
0.7964653614903643,0.6046841555275145,1
0.8241713863207143,0.5663404682434339,1
0.866033876565288,0.499985324425927,1
0.31834595115984987,0.9479746069279127,1
0.3865086529858791,0.9222857806379979,1
0.4450837805669151,0.8954889325258365,1
0.5716812815001727,0.8204757841535119,1
0.9328742462880141,0.3602022218318061,1
0.03235601112683506,0.9994764071972685,0
0.05475427879234318,0.998499859265854,0
0.46684598232388574,0.8843386392033575,1
0.928454732014024,0.37144556882639873,1
0.8999806227541882,0.4359299010930353,1
0.4569943207702287,0.8894696120631426,1
0.4338550561487353,0.9009826803297485,1
0.7408921210758888,0.6716240502897961,1
0.25015841431133545,0.9682049203289758,0
0.06469163601185979,0.9979053022356926,0
0.7483362925829364,0.6633195257213719,1
0.23963699903106028,0.9708625591170913,0
0.5862952603002429,0.8100974433668275,1
0.4663138050266543,0.8846193730874107,1
0.2284160907925742,0.9735636031955173,0
0.3023530882024461,0.9531959977121409,1
0.47558834498420455,0.8796679635607888,1
0.00028942190645586674,0.9999999581174792,0
0.8739947240239445,0.4859354096773655,1
0.22213022932277338,0.9750170056060623,0
0.2782177095198898,0.9605180404914352,0
0.18365810140151073,0.98299018397418,0
0.8106098952010425,0.5855865416846214,1
0.20395355452070252,0.9789805654855314,0
0.3302000574864805,0.9439109714564848,1
0.007923574720424265,0.9999686079890958,0
0.2888363745272551,0.9573784772752891,0
0.12687273534559318,0.9919190032587979,0
0.002443942205399674,0.9999970135687889,0
0.31766315812344226,0.948203626849761,1
0.9314117219405886,0.36396731203731414,1
0.9524657679420239,0.30464563167491965,1
0.45686017529860923,0.8895385209343798,1
0.47651679837878924,0.8791653660505675,1
0.6200924559115605,0.7845287414247928,1
0.588867933200064,0.8082292726996992,1
0.23696090227240008,0.971519187043802,0
0.8484435401236597,0.5292858955445835,1
0.18657688758836355,0.9824403620667461,0
0.21352284543362188,0.976938070953287,0
0.8566688700636127,0.5158666950520581,1
0.4116671260416579,0.9113342840783516,1
0.6887731097693098,0.7249769673987679,1
0.1260823533109603,0.9920197781211674,0
0.26758746313661697,0.9635335746989357,0
0.8268484895480228,0.5624247285923275,1
0.3224130081396662,0.9465990979196692,1
0.7037493587457693,0.7104483373651589,1
0.995173132147559,0.09813479022047761,0
0.40714834828502644,0.9133620434902989,1
0.3247498677468109,0.9457999383582285,1
0.18536469534254207,0.9826697968903728,0
0.38628234951477514,0.9223805865548912,1
0.12180125364737338,0.9925545096416257,0
0.3641431192523361,0.9313430027123084,1
0.02237550136041344,0.9997496371286514,0
0.9976709443064516,0.06821060684873786,0
0.6390830969036875,0.76913769589846,1
0.6101613840904037,0.7922771518634643,1
0.3239363459651933,0.9460788781928907,1
0.8040838230484963,0.5945159421846604,1
0.13327318165024782,0.9910793404429435,0
0.06621088274382958,0.9978056519213964,0
0.31402186510964736,0.9494157509927137,1
0.3293250141216236,0.944216625078055,1
0.04076658747668149,0.9991686971405309,0
0.7436504325515705,0.6685686458142216,1
0.8988518706595205,0.43825256942986723,1
0.2932485706278941,0.95603623143932,0
0.5949666763441108,0.8037503679875003,1
0.9042117441766085,0.42708444328153117,1
0.781515080536722,0.6238863509435679,1
0.7166539761994198,0.6974289056223304,1
0.10737287229697423,0.9942188221386163,0
0.010597093868202845,0.9999438492243194,0
0.5550755506105343,0.8317999357504257,1
0.6292066530791005,0.7772380508705145,1
0.7369873325800295,0.6759065553880751,1
0.5568908326501014,0.8305856972704723,1
0.6412965276047394,0.7672931406458054,1
0.9588434215652619,0.28393536750644754,0
0.29811996605612145,0.9545284101789202,0
0.03554818345762445,0.9993679635914207,0
0.08630984849745338,0.9962683423919214,0
0.510845447805019,0.8596725704923297,1
0.21774912851902017,0.9760047730565703,0
0.5587180569220479,0.8293576628145731,1
0.5657916099810871,0.8245482727378728,1
0.6338591899063396,0.7734484645865417,1
0.6864842780074696,0.7271446458914232,1
0.6755264545077583,0.737335750699895,1
0.09596045664990538,0.9953851469454131,0
0.7832864424468186,0.6216609599122392,1
0.5485600387284709,0.8361111671962158,1
0.1074008465591959,0.994215800597822,0
0.5678725524146733,0.8231164949228293,1
0.5536111452642531,0.8327752997292859,1
0.29506653107101766,0.9554767094187676,0
0.3438920978528974,0.9390091719649671,1
0.8549987819090537,0.5186300058172826,1
0.1034777348613255,0.994631770248653,0
0.7561841217566017,0.6543589030518321,1
0.6791675289218156,0.7339832884052843,1
0.5005694158978464,0.8656964016719076,1
0.04563295949598101,0.9989582739071928,0
0.1602450308905543,0.9870772665171077,0
0.49913180970178284,0.8665260737818703,1
0.45408429041134957,0.8909587292358839,1
0.8975789331119095,0.4408537839620823,1
0.3840818556668961,0.9232990458932976,1
0.5951701345981164,0.8035997205589733,1
0.12964410412562288,0.9915605913233264,0
0.7668129953755043,0.6418705711615441,1
0.6516722046877437,0.7585007169656569,1
0.7978225251262941,0.6028923771297028,1
0.4976729673525081,0.8673647546254974,1
0.06002185847595909,0.9981970629615637,0
0.7448846475570994,0.6671932717239705,1
0.5324336423721197,0.8464717458192906,1
0.45364475777808866,0.8911826040382853,1
0.8820894790921404,0.4710818940215771,1
0.15333364839449892,0.988174474609637,0
0.7369800698837543,0.6759144743191527,1
0.49366508822630273,0.8696521032381379,1
0.48625578532245894,0.8738165203522068,1
0.27416803433071824,0.9616818023396461,0
0.29018055198716197,0.9569719156006753,0
0.647796688014774,0.7618132651753247,1
0.5746142916649813,0.8184243494754734,1
0.9108620444239145,0.4127109594230408,1
0.9040392137374469,0.4274495292136592,1
0.4706318817202225,0.882329661695946,1
0.4171931405607273,0.9088178494445833,1
0.661088826993955,0.7503076454520217,1
0.09476266950394019,0.9954998927516201,0
0.5023604032370477,0.8646583286243826,1
0.7109656079673677,0.70322678012686,1
0.1584805328539668,0.9873621021217711,0
0.9161650483070399,0.4008012029180541,1
0.36449207714752174,0.9312064892904716,1
0.9211146662016331,0.38929137122244833,1
0.29278862458413235,0.9561771913793656,0
0.9152056182267009,0.4029871913178907,1
0.21020395646185008,0.977657555940619,0
0.1344176085392862,0.9909247733882623,0
0.17407767356405102,0.9847319247219152,0
0.7626397045056411,0.646823531661881,1
0.33314994413599197,0.9428738593906321,1
0.07795834811561242,0.9969566168891628,0
0.9445493579821435,0.3283694722953408,1
0.5814851173730704,0.8135570405777499,1
0.2276997408186946,0.9737313941899477,0
0.9626893523531077,0.2706089630185113,0
0.251573999980756,0.9678380662764213,0
0.484678690228604,0.8746922700231693,1
0.04103536839867916,0.9991576945309407,0
0.1638670990881711,0.9864824244944395,0
0.7788084778431074,0.6272617913118111,1
0.9450050929427205,0.32705561348541357,1
0.8822893647781568,0.4707074216531502,1
0.8062199301447452,0.5916159431906836,1
0.6859587175432273,0.7276404591736573,1
0.5804959427234208,0.8142631395818228,1
0.9916446832234643,0.1289993109851174,0
0.11770298551332625,0.9930488443179669,0
0.5142491855978855,0.8576408194063011,1
0.6645063602694781,0.7472826086303699,1
0.6230401662356062,0.7821898434888478,1
0.09010139974894782,0.99593259699805,0
0.7809918954927005,0.6245411589116595,1
0.6002991645500118,0.799775539161181,1
0.3709390438574348,0.9286572164917107,1
0.4744650647279175,0.8802743335760352,1
0.5187812170055294,0.8549070410765499,1
0.5166924567225532,0.856171072371645,1
0.7333345922665436,0.6798679105423804,1
0.5265527033127401,0.8501424884300546,1
0.3530109503762785,0.9356191901165969,1
0.005458310985622328,0.9999851033096364,0
0.7772565702192384,0.6291837760551571,1
0.05249704490943252,0.9986210794269151,0
0.4551676121481445,0.8904057753919593,1
0.4021178763844081,0.9155879059337196,1
0.16205165936598698,0.9867822757309386,0
0.6779070293517,0.7351476447323717,1
0.8669679143141068,0.4983639589194303,1
0.6870052645655405,0.7266524385558971,1
0.9553076760198236,0.29561333552058133,0
0.5920991485930271,0.8058651240967141,1
0.5972684949374787,0.8020413611249229,1
0.2580917414717533,0.9661204132943666,0
0.10909504793225999,0.9940313227039971,0
0.3064542389735515,0.9518853919538536,1
0.07709402283727496,0.9970238270185752,0
0.9323224859305569,0.36162796107085876,1
0.6205362085439637,0.7841777948181664,1
0.6790293053507963,0.7341111649299547,1
0.44791149995572876,0.8940778982881801,1
0.24697579307944517,0.9690216497234616,0
0.4867155865901711,0.873560494625407,1
0.22645944485058356,0.9740205951816242,0
0.8611409793973895,0.5083662199659854,1
0.443594107102095,0.896227799247655,1
0.517859712700392,0.8554655562685546,1
0.42889096852547015,0.90335626256604,1
0.3418670415847923,0.9397483311387479,1
0.9641920105738244,0.2652051408732608,0
0.45026943417288934,0.892892735242944,1
0.6323500806627671,0.7746827579634078,1
0.25106332258060593,0.9679706648730563,0
0.6478437189454166,0.7617732706146706,1
0.8490446237678829,0.5283211398863896,1
0.17199055274431618,0.9850985990075839,0
0.35995005459670204,0.9329715741628097,1
0.29705929789724006,0.9548590333304696,0
0.4207270337792264,0.9071872811318145,1
0.45441314337266336,0.8907910502077214,1
0.5952224343904514,0.8035609831234372,1
0.5398225713960322,0.8417788257086155,1
0.16436775676345639,0.9863991284143296,0
0.26730251503995484,0.9636126636015712,0
0.8581792994167705,0.5133500657957891,1
0.9147847205625774,0.40394172231306724,1
0.13089802108956616,0.991395838237601,0
0.6862654676873616,0.7273511585608747,1
0.6848855940157127,0.7286506179986019,1
0.5135689566962627,0.8580483242323315,1
0.6798423322911217,0.7333583048039806,1
0.2918375254401506,0.9564679078489614,0
0.8618740340154013,0.5071224206146075,1
0.8782747723356448,0.4781562760006098,1
0.8723972701895572,0.48879750711906134,1
0.5369921362616121,0.8435872483585739,1
0.24309673066640458,0.9700020513067514,0
0.8458040585204353,0.5334936687444004,1
0.19573077522557303,0.9806576689291713,0
0.4492394099515953,0.8934114128140196,1
0.31852528535413727,0.9479143645868362,1
0.1497728199699695,0.9887204369275691,0
0.6422737539914167,0.7664753257175166,1
0.6591859912319136,0.7519799392029016,1
0.8595085797919803,0.5111213175597092,1
0.32352600731873693,0.9462192782798269,1
0.24472763767632655,0.9695918643209445,0
0.7876744291635313,0.616091708791723,1
0.9150117487452816,0.4034271925119844,1
0.8028775377682197,0.5961439921254268,1
0.1987563972819406,0.9800489245642298,0
0.08561856558485859,0.9963279887803972,0
0.16231325547769504,0.9867392802033537,0
0.8707370285678687,0.4917489472086326,1
0.569064146776878,0.8222931331666974,1
0.11082049038155473,0.9938404393621704,0
0.4863148607787854,0.8737836438076136,1
0.356616723923589,0.9342507758723065,1
0.549794293640639,0.8353000866037252,1
0.9568262468441935,0.2906605121960232,0
0.39186928658123765,0.9200209031507447,1
0.7688941633475679,0.6393760752249364,1
0.9830395843670945,0.18339349925057352,0
0.3806523411624122,0.9247182247406907,1
0.4894706637627375,0.8720197642918796,1
